original_names,convert_names
utw278,ICARE_0284
bi1,ICARE_0286
utw325,ICARE_0296
utw304,ICARE_0299
bwh110,ICARE_0303
ynh127,ICARE_0306
utw127,ICARE_0311
bwh127,ICARE_0312
ulb173,ICARE_0313
bwh108,ICARE_0316
utw20,ICARE_0319
bwh2,ICARE_0320
utw168,ICARE_0326
ulb39,ICARE_0328
bwh55,ICARE_0332
utw29,ICARE_0334
utw67,ICARE_0335
utw285,ICARE_0337
ynh95,ICARE_0340
utw57,ICARE_0341
ulb195,ICARE_0342
utw275,ICARE_0344
ynh52,ICARE_0346
bwh215,ICARE_0347
ynh149,ICARE_0348
ynh78,ICARE_0349
ulb131,ICARE_0350
ulb206,ICARE_0351
utw347,ICARE_0352
bi67,ICARE_0353
ynh105,ICARE_0354
utw5,ICARE_0355
utw26,ICARE_0356
utw214,ICARE_0357
ynh24,ICARE_0358
utw47,ICARE_0359
ulb158,ICARE_0360
utw98,ICARE_0361
utw196,ICARE_0362
ulb243,ICARE_0363
ulb12,ICARE_0364
utw198,ICARE_0365
ynh116,ICARE_0366
ulb42,ICARE_0367
bi29,ICARE_0368
utw9,ICARE_0369
utw312,ICARE_0370
utw328,ICARE_0371
ulb7,ICARE_0372
bi85,ICARE_0373
ynh16,ICARE_0375
ulb161,ICARE_0376
bi111,ICARE_0377
utw170,ICARE_0378
utw254,ICARE_0379
bi74,ICARE_0380
ulb202,ICARE_0382
bi88,ICARE_0383
bi10,ICARE_0384
utw320,ICARE_0385
utw372,ICARE_0387
bwh136,ICARE_0389
utw203,ICARE_0390
ulb18,ICARE_0391
utw281,ICARE_0392
ynh28,ICARE_0394
utw243,ICARE_0395
utw195,ICARE_0396
utw378,ICARE_0397
ulb194,ICARE_0398
utw261,ICARE_0399
ynh22,ICARE_0400
utw163,ICARE_0402
ulb222,ICARE_0403
ulb32,ICARE_0404
ulb237,ICARE_0405
utw357,ICARE_0406
bwh212,ICARE_0407
ulb9,ICARE_0409
bi3,ICARE_0410
bi2,ICARE_0411
ulb200,ICARE_0412
utw343,ICARE_0413
utw177,ICARE_0414
utw112,ICARE_0415
ulb21,ICARE_0416
ulb83,ICARE_0417
ulb157,ICARE_0418
ulb53,ICARE_0419
utw224,ICARE_0420
utw66,ICARE_0421
bi48,ICARE_0422
ynh61,ICARE_0423
ulb162,ICARE_0424
ynh72,ICARE_0426
utw283,ICARE_0427
utw175,ICARE_0428
bwh117,ICARE_0429
bwh49,ICARE_0430
bi54,ICARE_0431
bwh8,ICARE_0432
utw140,ICARE_0433
ulb5,ICARE_0434
bwh133,ICARE_0435
ulb45,ICARE_0436
bwh139,ICARE_0437
bwh19,ICARE_0438
utw356,ICARE_0439
ynh81,ICARE_0440
utw294,ICARE_0441
utw251,ICARE_0442
bwh17,ICARE_0443
bwh138,ICARE_0444
ynh120,ICARE_0445
ulb184,ICARE_0446
utw204,ICARE_0447
bwh81,ICARE_0448
bwh126,ICARE_0450
utw77,ICARE_0451
ulb57,ICARE_0452
ulb2,ICARE_0453
utw300,ICARE_0455
ulb55,ICARE_0456
ulb52,ICARE_0457
utw242,ICARE_0458
utw219,ICARE_0459
utw2,ICARE_0460
ulb46,ICARE_0461
utw35,ICARE_0462
utw240,ICARE_0463
utw193,ICARE_0464
bi108,ICARE_0465
ynh51,ICARE_0466
utw215,ICARE_0467
utw68,ICARE_0468
utw264,ICARE_0469
ulb73,ICARE_0470
bi6,ICARE_0471
bi81,ICARE_0472
ulb59,ICARE_0473
utw31,ICARE_0474
utw379,ICARE_0475
ulb196,ICARE_0476
utw134,ICARE_0477
utw166,ICARE_0479
utw40,ICARE_0481
ynh45,ICARE_0482
utw322,ICARE_0483
utw350,ICARE_0484
ynh38,ICARE_0485
utw310,ICARE_0486
ulb58,ICARE_0487
bi41,ICARE_0490
ulb236,ICARE_0492
utw244,ICARE_0493
utw309,ICARE_0495
bwh210,ICARE_0496
utw274,ICARE_0497
ulb40,ICARE_0498
ynh142,ICARE_0500
utw321,ICARE_0501
utw338,ICARE_0502
utw364,ICARE_0504
ynh9,ICARE_0505
utw354,ICARE_0506
bwh135,ICARE_0507
ulb10,ICARE_0508
ynh129,ICARE_0510
ynh152,ICARE_0512
utw86,ICARE_0513
bwh105,ICARE_0514
ynh69,ICARE_0515
bwh57,ICARE_0517
bi43,ICARE_0518
ulb209,ICARE_0519
bwh10,ICARE_0520
ulb240,ICARE_0521
utw207,ICARE_0522
utw147,ICARE_0523
utw255,ICARE_0525
utw96,ICARE_0526
ulb77,ICARE_0527
bwh42,ICARE_0529
utw362,ICARE_0530
utw307,ICARE_0531
utw62,ICARE_0532
ynh125,ICARE_0533
ulb227,ICARE_0535
utw277,ICARE_0536
bwh24,ICARE_0538
bwh102,ICARE_0539
ulb34,ICARE_0540
utw22,ICARE_0541
ulb218,ICARE_0542
bwh45,ICARE_0543
utw234,ICARE_0544
ulb101,ICARE_0545
utw336,ICARE_0546
utw23,ICARE_0547
utw124,ICARE_0548
utw349,ICARE_0549
ynh73,ICARE_0550
bwh14,ICARE_0552
utw365,ICARE_0553
utw374,ICARE_0554
utw201,ICARE_0555
ulb19,ICARE_0556
ulb192,ICARE_0558
bi78,ICARE_0559
utw182,ICARE_0560
ynh44,ICARE_0561
utw342,ICARE_0562
ynh123,ICARE_0563
utw73,ICARE_0564
ynh74,ICARE_0565
bi97,ICARE_0566
utw21,ICARE_0567
ulb244,ICARE_0568
utw137,ICARE_0569
utw287,ICARE_0570
utw79,ICARE_0571
utw297,ICARE_0573
utw52,ICARE_0574
bwh73,ICARE_0575
bi21,ICARE_0576
bi32,ICARE_0577
bwh13,ICARE_0579
bwh37,ICARE_0580
utw162,ICARE_0582
utw32,ICARE_0584
ulb205,ICARE_0585
bwh94,ICARE_0586
utw11,ICARE_0587
ulb224,ICARE_0588
utw69,ICARE_0589
ulb50,ICARE_0590
utw367,ICARE_0591
bi37,ICARE_0592
ulb8,ICARE_0593
utw109,ICARE_0595
ynh50,ICARE_0597
utw263,ICARE_0598
bi112,ICARE_0600
bwh131,ICARE_0601
utw92,ICARE_0602
utw129,ICARE_0604
utw248,ICARE_0605
bwh130,ICARE_0606
bwh12,ICARE_0607
ulb103,ICARE_0609
ulb217,ICARE_0610
ulb79,ICARE_0611
utw188,ICARE_0612
utw370,ICARE_0613
utw227,ICARE_0614
ulb93,ICARE_0615
ynh67,ICARE_0616
ulb238,ICARE_0617
bi102,ICARE_0618
ynh143,ICARE_0619
utw180,ICARE_0621
bi96,ICARE_0623
bi52,ICARE_0624
ynh111,ICARE_0625
ynh57,ICARE_0626
bi36,ICARE_0627
ynh150,ICARE_0628
ulb75,ICARE_0629
bwh23,ICARE_0630
utw87,ICARE_0631
ulb44,ICARE_0632
utw298,ICARE_0633
utw45,ICARE_0634
bwh51,ICARE_0635
utw373,ICARE_0636
bwh128,ICARE_0637
bi75,ICARE_0638
utw50,ICARE_0639
bwh38,ICARE_0641
ynh33,ICARE_0642
utw156,ICARE_0644
bi82,ICARE_0645
utw71,ICARE_0646
bi72,ICARE_0647
ulb71,ICARE_0648
utw213,ICARE_0649
utw111,ICARE_0650
utw116,ICARE_0651
bwh25,ICARE_0652
bwh39,ICARE_0655
utw323,ICARE_0656
bwh112,ICARE_0657
utw306,ICARE_0658
bi92,ICARE_0660
utw133,ICARE_0661
ynh54,ICARE_0663
utw221,ICARE_0665
bi89,ICARE_0666
utw3,ICARE_0668
bwh1,ICARE_0669
utw89,ICARE_0670
utw173,ICARE_0671
utw380,ICARE_0672
utw110,ICARE_0673
utw295,ICARE_0674
ulb24,ICARE_0675
utw305,ICARE_0676
bwh83,ICARE_0677
bi106,ICARE_0678
ynh133,ICARE_0679
ynh137,ICARE_0680
utw185,ICARE_0681
ulb213,ICARE_0682
ulb189,ICARE_0683
utw49,ICARE_0684
ynh77,ICARE_0685
utw194,ICARE_0686
utw56,ICARE_0688
utw37,ICARE_0689
utw315,ICARE_0690
ynh110,ICARE_0691
utw76,ICARE_0692
ulb15,ICARE_0693
bwh88,ICARE_0694
bwh53,ICARE_0695
bwh43,ICARE_0697
ulb43,ICARE_0699
bwh104,ICARE_0700
ynh18,ICARE_0701
ulb234,ICARE_0702
utw171,ICARE_0703
bwh76,ICARE_0706
utw296,ICARE_0707
ulb187,ICARE_0708
bi22,ICARE_0709
bwh141,ICARE_0710
bi66,ICARE_0711
bwh46,ICARE_0712
ulb201,ICARE_0713
ulb242,ICARE_0714
utw15,ICARE_0715
ulb180,ICARE_0716
utw268,ICARE_0717
ulb65,ICARE_0718
ynh103,ICARE_0719
utw303,ICARE_0720
utw184,ICARE_0721
utw308,ICARE_0722
ynh27,ICARE_0723
bi80,ICARE_0724
utw345,ICARE_0725
utw252,ICARE_0726
bwh99,ICARE_0727
utw160,ICARE_0728
ulb78,ICARE_0729
bwh26,ICARE_0730
utw360,ICARE_0731
ynh128,ICARE_0732
ulb226,ICARE_0734
ulb153,ICARE_0736
ulb127,ICARE_0737
ynh31,ICARE_0738
ulb233,ICARE_0739
ynh83,ICARE_0740
utw64,ICARE_0741
utw209,ICARE_0742
utw90,ICARE_0744
utw293,ICARE_0745
bwh21,ICARE_0746
ulb210,ICARE_0747
ynh87,ICARE_0748
bi26,ICARE_0749
utw269,ICARE_0750
utw324,ICARE_0751
bi99,ICARE_0752
ulb54,ICARE_0753
ynh114,ICARE_0754
bwh86,ICARE_0755
ynh21,ICARE_0756
utw136,ICARE_0757
bwh214,ICARE_0758
utw114,ICARE_0759
ynh96,ICARE_0760
ulb186,ICARE_0761
bwh119,ICARE_0764
utw152,ICARE_0765
bi28,ICARE_0766
ulb23,ICARE_0767
ynh92,ICARE_0768
utw319,ICARE_0769
ulb11,ICARE_0770
ulb221,ICARE_0771
ynh108,ICARE_0772
ulb220,ICARE_0773
utw192,ICARE_0774
bwh60,ICARE_0775
utw329,ICARE_0776
utw187,ICARE_0777
ulb235,ICARE_0778
utw257,ICARE_0779
bi50,ICARE_0780
bwh62,ICARE_0781
utw75,ICARE_0782
bwh120,ICARE_0783
bwh66,ICARE_0784
utw16,ICARE_0785
utw13,ICARE_0787
bwh185,ICARE_0788
ynh130,ICARE_0789
utw83,ICARE_0790
bwh52,ICARE_0792
bwh78,ICARE_0794
bi61,ICARE_0796
utw130,ICARE_0797
bi15,ICARE_0799
utw63,ICARE_0800
ynh135,ICARE_0801
bwh140,ICARE_0804
ynh119,ICARE_0805
utw128,ICARE_0806
ynh23,ICARE_0807
utw60,ICARE_0808
utw99,ICARE_0809
utw44,ICARE_0810
utw104,ICARE_0811
ulb27,ICARE_0812
utw141,ICARE_0813
bwh41,ICARE_0814
utw91,ICARE_0816
utw267,ICARE_0817
bi17,ICARE_0819
bwh71,ICARE_0820
bwh98,ICARE_0821
utw211,ICARE_0822
utw327,ICARE_0823
utw205,ICARE_0824
bi105,ICARE_0826
utw230,ICARE_0827
utw273,ICARE_0828
ulb14,ICARE_0829
bwh218,ICARE_0830
utw363,ICARE_0831
bwh7,ICARE_0832
utw150,ICARE_0833
utw36,ICARE_0834
utw232,ICARE_0835
utw43,ICARE_0837
utw241,ICARE_0838
utw121,ICARE_0839
utw122,ICARE_0840
utw231,ICARE_0841
utw316,ICARE_0843
ulb130,ICARE_0844
bi18,ICARE_0845
ulb246,ICARE_0846
bi55,ICARE_0847
utw202,ICARE_0848
ulb212,ICARE_0850
bwh65,ICARE_0851
bwh124,ICARE_0852
utw54,ICARE_0853
bi34,ICARE_0854
ynh147,ICARE_0855
ulb191,ICARE_0856
ulb118,ICARE_0857
ulb239,ICARE_0858
ulb204,ICARE_0859
utw237,ICARE_0860
ulb41,ICARE_0861
utw117,ICARE_0862
ulb215,ICARE_0864
ulb38,ICARE_0865
utw143,ICARE_0866
bi73,ICARE_0867
ulb56,ICARE_0868
ulb64,ICARE_0869
bi101,ICARE_0870
ynh71,ICARE_0871
utw41,ICARE_0872
utw334,ICARE_0873
bwh4,ICARE_0874
utw260,ICARE_0875
utw25,ICARE_0876
utw247,ICARE_0877
ulb182,ICARE_0879
bwh142,ICARE_0880
ulb66,ICARE_0881
utw339,ICARE_0882
utw235,ICARE_0883
utw288,ICARE_0884
utw30,ICARE_0885
ynh65,ICARE_0886
utw332,ICARE_0887
ynh118,ICARE_0888
bwh28,ICARE_0889
ulb51,ICARE_0890
utw299,ICARE_0891
utw106,ICARE_0892
ulb146,ICARE_0893
bwh116,ICARE_0894
bi46,ICARE_0895
ynh102,ICARE_0896
utw82,ICARE_0897
utw100,ICARE_0898
utw14,ICARE_0899
ulb230,ICARE_0900
bi83,ICARE_0901
ulb245,ICARE_0902
ulb62,ICARE_0903
utw222,ICARE_0904
bwh107,ICARE_0905
ynh41,ICARE_0907
utw256,ICARE_0908
ulb177,ICARE_0909
ulb1,ICARE_0910
ulb72,ICARE_0911
ynh47,ICARE_0913
utw265,ICARE_0915
ulb25,ICARE_0916
utw284,ICARE_0917
utw145,ICARE_0918
utw27,ICARE_0919
utw238,ICARE_0920
utw146,ICARE_0921
bi9,ICARE_0922
ulb193,ICARE_0923
bwh84,ICARE_0924
utw48,ICARE_0925
bi45,ICARE_0926
utw331,ICARE_0928
utw70,ICARE_0929
ynh141,ICARE_0930
bwh85,ICARE_0931
utw81,ICARE_0932
utw216,ICARE_0933
utw88,ICARE_0934
bwh61,ICARE_0935
ulb229,ICARE_0937
utw94,ICARE_0941
utw348,ICARE_0942
utw341,ICARE_0943
utw208,ICARE_0944
utw84,ICARE_0945
ulb35,ICARE_0947
bwh35,ICARE_0948
ulb199,ICARE_0950
utw74,ICARE_0951
bi8,ICARE_0952
utw266,ICARE_0953
utw311,ICARE_0954
ynh88,ICARE_0955
ulb67,ICARE_0957
ynh56,ICARE_0958
ulb26,ICARE_0960
bwh216,ICARE_0961
utw125,ICARE_0962
utw183,ICARE_0963
ynh138,ICARE_0964
bwh56,ICARE_0965
utw189,ICARE_0966
ulb47,ICARE_0967
utw352,ICARE_0968
utw383,ICARE_0969
bwh58,ICARE_0970
ynh86,ICARE_0971
bi30,ICARE_0973
bwh47,ICARE_0974
utw153,ICARE_0975
ulb99,ICARE_0976
bwh18,ICARE_0977
utw186,ICARE_0978
utw212,ICARE_0979
bi98,ICARE_0980
bwh101,ICARE_0981
bi38,ICARE_0982
utw210,ICARE_0984
utw317,ICARE_0985
utw119,ICARE_0987
bi71,ICARE_0988
utw135,ICARE_0989
bi70,ICARE_0991
utw200,ICARE_0993
utw39,ICARE_0994
ynh115,ICARE_0996
bwh123,ICARE_0997
ulb16,ICARE_0998
ulb70,ICARE_0999
ynh37,ICARE_1000
utw53,ICARE_1001
utw353,ICARE_1002
bi77,ICARE_1003
utw226,ICARE_1004
ynh26,ICARE_1005
utw191,ICARE_1006
utw58,ICARE_1007
bi62,ICARE_1008
utw340,ICARE_1009
ynh155,ICARE_1011
bi103,ICARE_1012
utw206,ICARE_1013
bi87,ICARE_1014
utw355,ICARE_1015
ynh93,ICARE_1016
bi91,ICARE_1017
ynh151,ICARE_1018
utw337,ICARE_1019
utw333,ICARE_1020
mgh58,ICARE_0001
mgh99,ICARE_0014
mgh159,ICARE_0017
mgh133,ICARE_0018
mgh121,ICARE_0024
mgh123,ICARE_0030
mgh81,ICARE_0031
mgh107,ICARE_0036
mgh61,ICARE_0040
mgh13,ICARE_0042
mgh131,ICARE_0054
mgh186,ICARE_0072
mgh140,ICARE_0074
mgh14,ICARE_0076
mgh87,ICARE_0087
mgh47,ICARE_0103
mgh143,ICARE_0105
mgh15,ICARE_0111
mgh54,ICARE_0113
mgh41,ICARE_0119
mgh30,ICARE_0120
mgh137,ICARE_0123
mgh157,ICARE_0125
mgh111,ICARE_0131
mgh96,ICARE_0135
mgh162,ICARE_0136
mgh64,ICARE_0140
mgh114,ICARE_0144
mgh141,ICARE_0145
mgh68,ICARE_0147
mgh158,ICARE_0161
mgh57,ICARE_0164
mgh70,ICARE_0174
mgh95,ICARE_0185
mgh40,ICARE_0190
mgh22,ICARE_0194
mgh75,ICARE_0206
mgh29,ICARE_0224
mgh146,ICARE_0226
mgh148,ICARE_0233
mgh127,ICARE_0236
mgh183,ICARE_0242
mgh178,ICARE_0248
mgh171,ICARE_0259
mgh181,ICARE_0260
mgh35,ICARE_0267
mgh105,ICARE_0275
mgh56,ICARE_0276
mgh59,ICARE_0280
mgh167,ICARE_0285
mgh84,ICARE_0287
mgh51,ICARE_0289
mgh42,ICARE_0291
mgh20,ICARE_0295
mgh53,ICARE_0298
mgh110,ICARE_0301
mgh45,ICARE_0304
mgh108,ICARE_0314
mgh155,ICARE_0315
mgh115,ICARE_0318
mgh125,ICARE_0327
mgh86,ICARE_0333
mgh11,ICARE_0343
mgh89,ICARE_0345
mgh43,ICARE_0374
mgh5,ICARE_0381
mgh7,ICARE_0386
mgh175,ICARE_0388
mgh80,ICARE_0393
mgh44,ICARE_0401
mgh170,ICARE_0408
mgh165,ICARE_0454
mgh79,ICARE_0478
mgh10,ICARE_0480
mgh34,ICARE_0488
mgh117,ICARE_0489
mgh26,ICARE_0491
mgh69,ICARE_0494
mgh39,ICARE_0499
mgh88,ICARE_0503
mgh31,ICARE_0509
mgh154,ICARE_0511
mgh77,ICARE_0516
mgh91,ICARE_0524
mgh122,ICARE_0528
mgh179,ICARE_0534
mgh104,ICARE_0537
mgh6,ICARE_0551
mgh17,ICARE_0557
mgh72,ICARE_0578
mgh128,ICARE_0581
mgh12,ICARE_0583
mgh21,ICARE_0594
mgh55,ICARE_0596
mgh136,ICARE_0599
mgh3,ICARE_0603
mgh74,ICARE_0608
mgh118,ICARE_0620
mgh139,ICARE_0622
mgh23,ICARE_0640
mgh98,ICARE_0643
mgh153,ICARE_0653
mgh27,ICARE_0654
mgh36,ICARE_0659
mgh101,ICARE_0662
mgh166,ICARE_0664
mgh156,ICARE_0667
mgh135,ICARE_0687
mgh46,ICARE_0696
mgh8,ICARE_0698
mgh151,ICARE_0704
mgh120,ICARE_0705
mgh174,ICARE_0733
mgh152,ICARE_0735
mgh90,ICARE_0743
mgh172,ICARE_0762
mgh169,ICARE_0763
mgh142,ICARE_0786
mgh28,ICARE_0791
mgh138,ICARE_0793
mgh25,ICARE_0795
mgh66,ICARE_0798
mgh85,ICARE_0802
mgh92,ICARE_0803
mgh93,ICARE_0815
mgh97,ICARE_0818
mgh124,ICARE_0825
mgh65,ICARE_0836
mgh32,ICARE_0842
mgh126,ICARE_0849
mgh150,ICARE_0863
mgh60,ICARE_0878
mgh102,ICARE_0906
mgh116,ICARE_0912
mgh173,ICARE_0914
mgh62,ICARE_0927
mgh112,ICARE_0936
mgh38,ICARE_0938
mgh67,ICARE_0939
mgh33,ICARE_0940
mgh1,ICARE_0946
mgh185,ICARE_0949
mgh129,ICARE_0956
mgh176,ICARE_0959
mgh180,ICARE_0972
mgh16,ICARE_0983
mgh160,ICARE_0986
mgh109,ICARE_0990
mgh4,ICARE_0992
mgh106,ICARE_0995
mgh78,ICARE_1010
utw377,ICARE_0002
utw272,ICARE_0006
utw346,ICARE_0010
utw381,ICARE_0016
utw165,ICARE_0021
utw12,ICARE_0029
bwh134,ICARE_0033
utw335,ICARE_0037
bwh15,ICARE_0048
utw220,ICARE_0062
ynh20,ICARE_0063
bwh113,ICARE_0065
ynh46,ICARE_0067
utw280,ICARE_0070
utw279,ICARE_0071
utw258,ICARE_0075
ulb211,ICARE_0078
utw292,ICARE_0082
ulb183,ICARE_0086
ulb48,ICARE_0088
utw59,ICARE_0089
bwh5,ICARE_0095
bi4,ICARE_0097
utw326,ICARE_0099
utw164,ICARE_0104
bi93,ICARE_0115
utw330,ICARE_0116
utw223,ICARE_0117
bwh121,ICARE_0121
bwh11,ICARE_0122
utw382,ICARE_0127
ynh36,ICARE_0130
utw236,ICARE_0132
utw282,ICARE_0133
bwh90,ICARE_0134
utw245,ICARE_0137
utw375,ICARE_0138
bwh9,ICARE_0141
utw246,ICARE_0142
utw229,ICARE_0143
ulb69,ICARE_0149
utw113,ICARE_0150
ynh40,ICARE_0152
ynh148,ICARE_0158
utw7,ICARE_0160
bi64,ICARE_0167
utw38,ICARE_0168
utw17,ICARE_0173
ulb143,ICARE_0177
utw149,ICARE_0178
bwh92,ICARE_0186
utw359,ICARE_0188
ulb216,ICARE_0192
utw172,ICARE_0196
bi104,ICARE_0197
utw233,ICARE_0198
utw318,ICARE_0208
utw239,ICARE_0210
utw371,ICARE_0212
ulb207,ICARE_0214
bwh68,ICARE_0217
bwh129,ICARE_0221
ulb76,ICARE_0222
utw314,ICARE_0228
utw101,ICARE_0237
utw8,ICARE_0239
utw228,ICARE_0246
ynh117,ICARE_0253
utw78,ICARE_0254
bwh87,ICARE_0255
bi53,ICARE_0256
utw190,ICARE_0261
utw181,ICARE_0262
bwh67,ICARE_0264
bwh82,ICARE_0271
utw225,ICARE_0273
utw55,ICARE_0279
bwh75,ICARE_0281
utw102,ICARE_0008
ulb31,ICARE_0020
bwh103,ICARE_0026
utw290,ICARE_0039
bwh125,ICARE_0047
utw61,ICARE_0091
ulb3,ICARE_0098
ynh98,ICARE_0118
ulb4,ICARE_0148
utw72,ICARE_0170
utw376,ICARE_0172
utw85,ICARE_0179
utw197,ICARE_0204
bwh16,ICARE_0213
ulb198,ICARE_0249
utw167,ICARE_0268
utw259,ICARE_0269
utw169,ICARE_0282
bwh69,ICARE_0310
utw199,ICARE_0025
ynh146,ICARE_0084
ynh80,ICARE_0085
utw301,ICARE_0153
ulb203,ICARE_0182
ulb188,ICARE_0207
bi35,ICARE_0266
ulb36,ICARE_0292
utw157,ICARE_0331
ulb28,ICARE_0003
bwh79,ICARE_0425
ynh43,ICARE_0449
bwh72,ICARE_0572
utw46,ICARE_0004
ulb29,ICARE_0005
ulb22,ICARE_0007
ulb91,ICARE_0009
ulb74,ICARE_0011
bwh30,ICARE_0012
utw217,ICARE_0013
bwh217,ICARE_0015
ynh39,ICARE_0019
ynh63,ICARE_0022
utw144,ICARE_0023
ulb185,ICARE_0027
utw4,ICARE_0028
utw151,ICARE_0032
utw10,ICARE_0034
bi95,ICARE_0035
ynh85,ICARE_0038
ulb147,ICARE_0041
ynh82,ICARE_0043
utw131,ICARE_0044
utw123,ICARE_0045
ynh109,ICARE_0046
utw369,ICARE_0049
ynh134,ICARE_0050
utw95,ICARE_0051
ynh70,ICARE_0052
ynh4,ICARE_0053
bwh40,ICARE_0055
ulb223,ICARE_0056
bwh50,ICARE_0057
utw250,ICARE_0058
bwh106,ICARE_0059
bwh20,ICARE_0060
utw19,ICARE_0061
utw270,ICARE_0064
ulb61,ICARE_0066
utw302,ICARE_0068
bwh36,ICARE_0069
ulb231,ICARE_0073
utw34,ICARE_0077
bwh97,ICARE_0079
bwh59,ICARE_0080
ynh34,ICARE_0081
utw24,ICARE_0083
utw118,ICARE_0090
ulb126,ICARE_0092
utw28,ICARE_0093
utw93,ICARE_0094
ulb60,ICARE_0096
bi44,ICARE_0100
ynh121,ICARE_0101
ynh139,ICARE_0102
bwh27,ICARE_0106
utw107,ICARE_0107
utw1,ICARE_0108
utw142,ICARE_0109
ynh30,ICARE_0110
bi16,ICARE_0112
bwh137,ICARE_0114
utw313,ICARE_0124
utw97,ICARE_0126
utw286,ICARE_0128
utw148,ICARE_0129
ulb145,ICARE_0139
ulb214,ICARE_0146
utw105,ICARE_0151
utw65,ICARE_0154
utw291,ICARE_0155
utw368,ICARE_0156
ulb181,ICARE_0157
bwh93,ICARE_0159
bi51,ICARE_0162
bwh64,ICARE_0163
utw218,ICARE_0165
ulb17,ICARE_0166
ulb219,ICARE_0169
bwh213,ICARE_0171
ulb225,ICARE_0175
utw178,ICARE_0176
utw33,ICARE_0180
bwh32,ICARE_0181
ulb232,ICARE_0183
ynh124,ICARE_0184
utw18,ICARE_0187
bi57,ICARE_0189
bi84,ICARE_0191
bwh211,ICARE_0193
ynh68,ICARE_0195
ynh132,ICARE_0199
ynh59,ICARE_0200
bwh6,ICARE_0201
bwh44,ICARE_0202
utw358,ICARE_0203
utw366,ICARE_0205
utw159,ICARE_0209
ulb208,ICARE_0211
ynh159,ICARE_0215
utw276,ICARE_0216
bwh111,ICARE_0218
ulb6,ICARE_0219
bwh109,ICARE_0220
ulb63,ICARE_0223
bi65,ICARE_0225
utw262,ICARE_0227
ynh90,ICARE_0229
utw115,ICARE_0230
utw42,ICARE_0231
utw51,ICARE_0232
ynh100,ICARE_0234
ulb87,ICARE_0235
ulb178,ICARE_0238
ynh106,ICARE_0240
bi107,ICARE_0241
utw6,ICARE_0243
ynh107,ICARE_0244
ulb228,ICARE_0245
ulb20,ICARE_0247
utw139,ICARE_0250
bwh100,ICARE_0251
ynh91,ICARE_0252
ulb30,ICARE_0257
utw249,ICARE_0258
ynh5,ICARE_0263
bwh114,ICARE_0265
utw161,ICARE_0270
ulb49,ICARE_0272
bwh115,ICARE_0274
ynh58,ICARE_0277
utw132,ICARE_0278
ynh48,ICARE_0283
bwh31,ICARE_0288
bwh63,ICARE_0290
ulb241,ICARE_0293
utw138,ICARE_0294
bi58,ICARE_0297
utw351,ICARE_0300
ulb179,ICARE_0302
ulb176,ICARE_0305
ynh144,ICARE_0307
ynh25,ICARE_0308
utw80,ICARE_0309
ulb13,ICARE_0317
utw271,ICARE_0321
bi60,ICARE_0322
utw344,ICARE_0323
ulb37,ICARE_0324
utw253,ICARE_0325
ulb33,ICARE_0329
utw154,ICARE_0330
utw108,ICARE_0336
bi19,ICARE_0338
ynh126,ICARE_0339
